{"cameraMode":{"drawMode":0,"name":"Shaded","section":"Shading Mode"},"sceneLighting":false,"audioPlay":false,"sceneViewState":{"showFog":true,"showMaterialUpdate":false,"showSkybox":true,"showFlares":true,"showImageEffects":true,"showParticleSystems":true},"in2DMode":false,"pivot":{"x":-4.3849992752075199,"y":9.495000839233399,"z":4.329999923706055},"rotation":{"x":-0.028283385559916498,"y":0.9713695645332336,"z":-0.15308335423469544,"w":-0.17946968972682954},"size":113.96157836914063,"orthographic":false}